Date,MktRF_CV,SMB_CV,HML_CV,RMW_CV,CMA_CV
1963-07-01,4.698236363636364,0.45085909090909093,0.770859090909091,0.5550954545454546,0.8976772727272728
1963-08-01,1.8259318181818183,0.6899090909090909,0.8014,0.3620772727272727,0.6202363636363636
1963-09-03,2.930455,1.057695,0.664055,0.62498,0.664975
1963-10-01,3.9050608695652174,1.7821913043478261,2.5164608695652175,1.3897652173913042,1.8506608695652174
1963-11-01,30.54597777777778,3.3897777777777773,1.3512944444444444,1.1355111111111111,1.7223611111111112
1963-12-02,2.0976666666666666,1.6537238095238094,0.8373999999999999,1.2887142857142857,2.3281238095238095
1964-01-02,1.3794954545454545,1.5080772727272727,2.5177318181818182,2.5343863636363637,2.737636363636364
1964-02-03,0.5449789473684211,0.29326315789473684,1.266063157894737,0.5482105263157895,0.929042105263158
1964-03-02,0.8780285714285714,0.7962952380952381,1.4002666666666665,0.5788666666666668,0.5357142857142857
1964-04-01,2.3999318181818183,0.7753818181818182,2.8325272727272726,1.0650954545454545,0.8107818181818182
1964-05-01,1.8075750000000002,0.79848,0.9787,0.393575,1.3879800000000002
1964-06-01,3.633636363636364,0.4285318181818182,1.0487272727272727,1.1404954545454544,0.79915
1964-07-01,1.619581818181818,0.40003636363636363,0.7884590909090909,0.9374772727272728,0.7851863636363636
1964-08-03,3.6010571428571425,0.7105238095238096,0.8012666666666667,0.47002857142857146,0.8150285714285715
1964-09-01,1.0564666666666667,0.3336952380952381,1.109457142857143,0.7241809523809524,0.8108285714285715
1964-10-01,1.7343863636363634,0.7364590909090909,0.9261863636363636,0.9228772727272727,0.8911863636363636
1964-11-02,1.9805789473684208,0.5998421052631578,1.3137789473684212,0.6897684210526316,1.091778947368421
1964-12-01,3.3223863636363635,0.33690909090909094,0.7589090909090909,0.5482590909090909,0.9733499999999999
1965-01-04,0.84802,0.781295,0.5914,0.46409500000000004,0.9371000000000002
1965-02-01,3.369073684210526,0.43417894736842105,0.9017157894736842,0.7412526315789474,0.7306631578947368
1965-03-01,1.1784434782608695,0.5708434782608696,0.7927652173913043,0.7790869565217391,1.114095652173913
1965-04-01,0.9315142857142857,0.37152380952380953,1.0663809523809524,0.4967142857142857,0.8269238095238096
1965-05-03,2.90752,0.796455,0.57858,0.50598,0.8176800000000001
1965-06-01,17.731586363636367,6.615909090909091,0.806859090909091,0.6793272727272727,1.281459090909091
1965-07-01,4.814457142857143,0.69549523809523806,1.3325238095238094,0.3128952380952381,0.9571809523809524
1965-08-02,0.7419863636363636,0.6413818181818183,0.8200590909090909,0.4358954545454546,1.0259318181818182
1965-09-01,2.2841238095238094,0.43938095238095237,1.2063238095238096,0.7330571428571429,0.9484285714285715
1965-10-01,1.5113809523809525,1.3368666666666666,1.0185809523809524,1.2178952380952381,0.4828952380952381
1965-11-01,1.1958950000000002,1.227495,0.8426950000000001,0.634655,0.675095
1965-12-01,2.951331818181818,2.487186363636364,2.2698590909090908,1.1057272727272727,0.893659090909091
1966-01-03,1.2687142857142857,0.9698952380952381,1.2507142857142857,0.7855809523809523,0.5575142857142857
1966-02-01,2.974842105263158,2.7712421052631577,1.1849789473684211,1.1646105263157895,1.3492
1966-03-01,9.79444347826087,4.9684608695652175,2.4653652173913048,1.8861217391304348,1.4379826086956522
1966-04-01,3.037295,1.982695,2.243455,1.0362550000000001,1.4803
1966-05-02,19.21218095238095,9.26389523809524,1.3129238095238096,1.1059238095238095,2.168257142857143
1966-06-01,5.222145454545455,2.1565863636363636,1.2709318181818183,0.6034363636363637,1.2905454545454544
1966-07-01,9.54398,1.1901,0.751855,1.21622,2.337055
1966-08-01,29.07418260869565,2.8524869565217386,4.029086956521739,2.5981913043478264,7.861121739130435
1966-09-01,14.923466666666666,1.6162952380952382,3.2331809523809523,1.6435809523809526,3.2439142857142858
1966-10-03,23.27672380952381,5.706514285714286,6.3879238095238104,4.051466666666667,6.966095238095238
1966-11-01,7.372120000000001,0.831495,0.9053200000000001,2.065175,1.70118
1966-12-01,5.3281809523809525,1.429457142857143,2.3387238095238096,1.7090285714285713,2.32092380952381
1967-01-03,4.36112380952381,2.011695238095238,1.8872952380952381,1.1991238095238097,1.6531238095238097
1967-02-01,4.023810526315789,0.9298526315789474,0.8210526315789474,1.710578947368421,1.055094736842105
1967-03-01,3.6199818181818184,0.8128363636363637,1.6248363636363636,1.035181818181818,0.9803090909090909
1967-04-03,7.179855,1.14558,1.700855,1.984175,3.5742199999999995
1967-05-01,7.558581818181818,3.14175,1.2813863636363638,1.987259090909091,2.274931818181818
1967-06-01,10.662581818181819,4.024877272727273,0.6106,1.1476363636363636,2.2709272727272727
1967-07-03,1.2326949999999999,1.6804950000000003,1.339655,2.209695,2.67242
1967-08-01,2.848530434782609,1.2332434782608697,0.7765652173913044,0.6276,1.7369304347826087
1967-09-01,2.757775,1.7259200000000001,1.07042,1.7670949999999999,1.846295
1967-10-02,3.7661863636363635,0.8254772727272728,1.398981818181818,1.4997272727272728,1.1034000000000002
1967-11-01,10.430579999999999,4.666975,1.56582,1.529855,3.775775
1967-12-01,2.343855,1.30602,1.469255,0.61138,3.45368
1968-01-02,4.632945454545454,3.7801863636363633,2.9701863636363632,3.7379863636363635,5.042586363636364
1968-02-01,8.765252631578948,3.279178947368421,1.7494526315789474,0.9550105263157895,2.620442105263158
1968-03-01,16.067666666666668,5.565657142857143,2.290295238095238,2.0379809523809524,4.904180952380952
1968-04-01,11.670695,2.0826,1.801055,1.24638,0.73828
1968-05-01,3.4318590909090907,1.4967454545454544,1.3480590909090908,1.050381818181818,1.7435863636363638
1968-06-03,5.6168000000000005,1.6388117647058822,0.7876117647058823,1.4916117647058824,2.6556470588235292
1968-07-01,8.554505882352942,2.016776470588235,4.434047058823529,0.7569764705882353,3.2490235294117644
1968-08-01,2.9726444444444446,0.7820444444444444,0.9444444444444444,0.6112500000000001,0.885
1968-09-03,1.5729529411764704,0.8362235294117647,1.5376117647058822,0.8545058823529412,0.6743058823529412
1968-10-01,2.2212,1.2956277777777778,0.5221111111111111,0.4712444444444445,0.3831611111111112
1968-11-01,1.3405529411764705,0.7736117647058824,0.8076,0.9103529411764706,1.1433058823529412
1968-12-02,2.499977777777778,1.23325,0.8340000000000001,0.7092,1.0703999999999998
1969-01-02,6.969331818181818,3.3743818181818184,1.3213272727272727,0.9505272727272727,1.2602772727272726
1969-02-03,5.40305,1.1228,1.3064,0.5908,0.46945000000000003
1969-03-03,5.437855,1.6223750000000001,1.69772,0.69892,0.8438950000000001
1969-04-01,5.631095238095238,0.6775142857142857,1.5731238095238094,0.7119809523809524,0.4666571428571429
1969-05-01,4.003180952380952,0.6224571428571428,0.7962571428571429,0.5430952380952381,0.6254285714285714
1969-06-02,6.760714285714286,2.052095238095238,1.4477238095238096,0.6737238095238095,1.1759142857142857
1969-07-01,24.03172380952381,4.946895238095238,8.474380952380953,1.1874571428571428,5.989695238095238
1969-08-01,9.480980952380952,1.315114285714286,3.0329238095238096,0.6859809523809524,2.1516285714285712
1969-09-02,8.754857142857142,0.8165238095238095,4.188580952380953,1.1240952380952383,3.6516285714285712
1969-10-01,7.3815478260869565,1.5941913043478262,3.047495652173913,0.46453043478260875,3.2530869565217393
1969-11-03,5.031178947368422,1.023978947368421,3.108242105263158,0.34146315789473686,2.9038631578947367
1969-12-01,13.201927272727273,1.7936590909090908,2.6809863636363636,1.689277272727273,2.9566
1970-01-02,8.656114285714285,2.996266666666666,5.32532380952381,3.0155809523809523,4.624828571428571
1970-02-02,9.118168421052632,1.357378947368421,3.376642105263158,2.0508526315789473,3.0605684210526314
1970-03-02,10.314180952380953,1.0643238095238094,3.6856666666666666,0.47505714285714284,4.127895238095238
1970-04-01,14.421527272727273,2.201059090909091,11.383036363636364,1.742059090909091,7.810731818181819
1970-05-01,88.40038095238094,7.9400666666666675,33.711380952380956,2.3409142857142857,22.65105714285714
1970-06-01,27.32030909090909,4.166036363636364,12.418981818181818,2.0120772727272724,12.698295454545455
1970-07-01,18.505477272727273,3.2080954545454547,4.295927272727273,1.4327863636363636,4.7301863636363635
1970-08-03,18.010866666666665,5.233295238095239,5.298914285714286,3.1694666666666667,5.661980952380953
1970-09-01,11.001857142857142,3.2799238095238095,4.317914285714285,1.4935238095238097,5.0862952380952375
1970-10-01,10.10965909090909,1.869327272727273,4.541145454545455,0.7737272727272727,4.857495454545455
1970-11-02,8.621175,1.818495,1.26948,0.8860950000000001,2.930375
1970-12-01,4.203331818181818,1.7525318181818181,0.8272590909090909,1.3580954545454544,1.4657090909090909
1971-01-04,4.54142,1.406695,2.661295,1.692695,1.5952
1971-02-01,5.275273684210527,3.9576105263157895,1.1303684210526315,1.211842105263158,1.7766000000000002
1971-03-01,4.281991304347826,1.3589913043478261,0.9663478260869565,0.6783304347826087,0.8313826086956523
1971-04-01,2.3665238095238097,1.1222666666666667,1.2021809523809526,1.1899142857142857,1.0010666666666668
1971-05-03,4.610175,0.6154000000000001,0.54348,0.576175,0.594655
1971-06-01,9.590127272727273,1.7403863636363635,0.700259090909091,0.6758954545454545,0.8663272727272728
1971-07-01,5.0364571428571425,1.0680952380952382,0.36546666666666666,0.5210666666666667,0.5551809523809523
1971-08-02,25.372127272727273,2.5653454545454544,2.850527272727273,1.25395,3.7823499999999997
1971-09-01,5.168380952380952,0.6058571428571429,0.533695238095238,1.0999999999999999,0.6489809523809523
1971-10-01,6.1097809523809525,1.0404666666666667,0.4875809523809524,0.44371428571428573,1.4436952380952381
1971-11-01,19.09478095238095,2.5326,0.7724952380952381,0.8806666666666667,0.7052666666666667
1971-12-01,8.06845909090909,1.6840363636363638,1.172127272727273,1.0753272727272727,2.0233863636363636
1972-01-03,5.101523809523809,1.2616285714285713,1.3218,1.7157142857142857,1.5183142857142857
1972-02-01,2.213975,0.6802199999999999,1.66682,0.9054,1.31108
1972-03-01,5.778295454545455,1.4686772727272728,1.2205863636363636,1.5082954545454546,0.6643272727272728
1972-04-03,3.97068,0.8236,0.7106950000000001,0.449095,0.63308
1972-05-01,8.03985909090909,1.5544772727272727,1.1688772727272727,1.2055318181818182,1.170931818181818
1972-06-01,3.2968954545454547,0.52815,0.5745818181818182,0.5064,0.3311454545454545
1972-07-03,5.767455,0.57442,1.59252,0.40278,0.6561750000000001
1972-08-01,5.119660869565218,0.8703826086956522,3.5128608695652175,1.3095304347826087,0.5523739130434783
1972-09-01,4.760895,0.328895,1.414375,0.520455,0.93032
1972-10-02,8.155945454545455,1.1100363636363635,1.610459090909091,0.506109090909091,0.39638636363636365
1972-11-01,3.37482,1.390255,1.81582,1.1198000000000001,0.5912200000000001
1972-12-01,4.777968421052631,1.0488736842105264,0.9208947368421051,0.5886105263157895,0.7310105263157894
1973-01-02,5.3124666666666664,1.571895238095238,0.9977809523809524,1.2089238095238095,1.1914285714285715
1973-02-01,11.293242105263158,0.5526105263157894,2.3120526315789474,0.8226105263157896,1.359842105263158
1973-03-01,14.736477272727273,2.18315,2.9170363636363636,0.9443318181818182,1.032581818181818
1973-04-02,13.696620000000001,1.9294550000000001,1.749295,0.36105500000000007,1.0341200000000002
1973-05-01,30.548259090909088,11.041036363636366,3.570059090909091,1.004581818181818,1.1728954545454546
1973-06-01,19.759780952380954,4.061714285714286,4.599295238095238,0.9175142857142857,2.107295238095238
1973-07-02,16.439495238095237,3.0727142857142855,5.56852380952381,1.4411238095238095,2.1874285714285717
1973-08-01,9.934147826086956,1.2249304347826089,1.9466608695652174,0.8052608695652174,0.969895652173913
1973-09-04,7.325863157894736,1.3054631578947369,3.215515789473684,1.2056631578947368,1.352578947368421
1973-10-01,12.839721739130434,2.8602956521739133,2.2791652173913044,1.4306434782608697,1.2897913043478262
1973-11-01,35.96898095238095,4.186095238095238,4.5465238095238085,1.6927238095238095,1.042295238095238
1973-12-03,49.302455,4.90932,5.83328,2.6198550000000003,2.2532200000000002
1974-01-02,29.774895454545454,9.889877272727274,7.088509090909091,5.740059090909091,4.070145454545455
1974-02-01,16.35177894736842,2.162515789473684,2.2638000000000003,0.7862947368421053,1.1788736842105263
1974-03-01,14.780466666666667,2.6408952380952377,3.3607238095238094,2.3046571428571427,1.1636952380952381
1974-04-01,15.323666666666666,1.8104952380952382,0.9744952380952381,1.098,1.109657142857143
1974-05-01,18.553695454545455,4.323545454545455,1.572859090909091,1.642509090909091,2.0323818181818183
1974-06-03,21.55432,2.8412550000000003,2.24502,0.755655,1.8494949999999999
1974-07-01,45.89738181818182,6.131986363636363,2.898531818181818,1.7543499999999999,3.450327272727273
1974-08-01,39.19633181818182,10.086895454545454,5.62165909090909,2.4406772727272728,5.293786363636364
1974-09-03,64.805695,13.815199999999999,5.385294999999999,2.156975,5.192220000000001
1974-10-01,76.79308695652173,21.557565217391307,6.988530434782609,3.1849826086956523,3.959191304347826
1974-11-01,31.733919999999998,4.7265,5.8846799999999995,1.61222,3.278695
1974-12-02,34.959228571428575,9.338257142857143,3.0373809523809525,2.069095238095238,3.113866666666667
1975-01-02,30.48610909090909,5.9819272727272725,8.562109090909091,4.23525909090909,2.6197818181818184
1975-02-03,17.463694736842108,2.2952631578947367,3.3502947368421054,1.637178947368421,1.8112000000000001
1975-03-03,21.599495,2.910855,2.085855,1.053855,1.380655
1975-04-01,18.088327272727273,4.237927272727273,1.520459090909091,1.4104954545454547,1.2400000000000002
1975-05-01,14.627695238095237,2.343457142857143,1.4848571428571427,1.6855238095238094,1.4891238095238095
1975-06-02,11.102066666666667,1.8043238095238097,0.9632952380952381,0.6255238095238095,0.6606666666666667
1975-07-01,10.558145454545453,2.9042363636363637,2.4652363636363632,0.6789999999999999,0.5678590909090909
1975-08-01,22.68698095238095,2.7222285714285714,2.424895238095238,1.159657142857143,0.7519238095238095
1975-09-02,20.664457142857145,3.409695238095238,1.2541809523809524,1.067057142857143,0.7173238095238095
1975-10-01,17.546191304347825,4.543095652173912,1.3263217391304347,0.9947913043478261,0.5917217391304347
1975-11-03,7.1008,1.3338105263157893,0.49629473684210523,0.6532947368421054,1.3317157894736842
1975-12-01,13.50145909090909,4.0304,1.5394363636363637,0.7961454545454545,1.3179454545454545
1976-01-02,12.173399999999999,1.7096952380952382,2.8988571428571426,1.1687142857142856,0.7408666666666667
1976-02-02,11.43677894736842,1.4088631578947368,2.8303684210526314,0.4590736842105263,0.6898105263157894
1976-03-01,10.312660869565217,1.8367304347826088,2.261895652173913,0.699695652173913,1.3720434782608695
1976-04-01,9.439857142857143,1.4946285714285712,1.6273809523809524,0.4745238095238095,0.3794666666666667
1976-05-03,8.272775,1.2134200000000002,1.6662949999999999,0.47928,0.59322
1976-06-01,7.455127272727272,0.9864954545454545,0.5257818181818182,0.5777863636363637,0.6392772727272729
1976-07-01,4.078095238095238,1.0082571428571427,0.6714,0.4033809523809524,0.43098095238095235
1976-08-02,6.384731818181818,1.4305863636363636,0.28907727272727274,0.16569545454545456,0.42912727272727275
1976-09-01,6.838057142857143,1.2335238095238095,0.6174666666666666,0.4189238095238096,0.7001238095238096
1976-10-01,10.473514285714286,2.3218952380952382,0.7194952380952381,0.6635809523809524,0.7388285714285714
1976-11-01,9.687054999999999,1.8914950000000001,1.07602,1.007295,0.772095
1976-12-01,3.856059090909091,1.2914772727272728,1.2041090909090908,0.4755272727272728,0.3842363636363636
1977-01-03,4.693266666666666,1.6222285714285716,1.0867238095238096,0.42072380952380956,1.0757142857142858
1977-02-01,2.630915789473684,0.9652105263157895,0.42805263157894735,0.38301052631578947,0.4166947368421053
1977-03-01,5.520930434782609,1.4731739130434782,0.4349913043478261,0.35216521739130435,0.41414782608695655
1977-04-01,8.567095,1.2501200000000001,0.4816,0.37169499999999994,0.517895
1977-05-02,4.864057142857142,0.9922571428571428,0.39389523809523813,0.4174952380952381,0.37302857142857143
1977-06-01,3.6146954545454544,1.5173863636363638,0.6515090909090909,0.3508772727272727,0.26289545454545454
1977-07-01,4.7568947368421055,0.999842105263158,0.7838105263157894,0.38607368421052635,0.6103684210526316
1977-08-01,4.1029217391304345,1.284095652173913,1.4299652173913042,0.6525478260869565,0.6395826086956522
1977-09-01,3.785628571428571,0.8914666666666666,0.6540285714285714,0.5553142857142858,0.14105714285714285
1977-10-03,5.902980952380952,1.5268285714285714,0.7008666666666666,0.34482857142857143,0.5695809523809524
1977-11-01,12.098657142857142,1.7332571428571426,1.065057142857143,0.41992380952380953,0.20620000000000002
1977-12-01,5.569066666666667,1.1257238095238096,1.0617809523809523,0.3350952380952381,0.22038095238095237
1978-01-03,6.859466666666667,1.4948666666666666,1.5611238095238096,0.9959809523809522,0.17171428571428574
1978-02-01,5.0664105263157895,1.0047157894736842,0.5217999999999999,0.417778947368421,0.42387368421052635
1978-03-01,4.5689863636363635,1.4426954545454544,0.8292772727272728,0.2631318181818182,0.6397863636363635
1978-04-03,10.52838,3.8138949999999996,1.7739,1.082975,0.511455
1978-05-01,7.961181818181818,2.0317499999999997,1.6785272727272729,0.8590954545454546,0.4681090909090909
1978-06-01,8.32013181818182,3.19015,1.1201272727272729,0.7229863636363637,0.5534590909090908
1978-07-03,5.832400000000001,1.4898,0.714975,0.576295,0.33092
1978-08-01,8.29464347826087,2.5380434782608696,1.4229478260869566,1.4804434782608695,1.0845304347826088
1978-09-01,9.11178,2.189055,0.639175,0.62488,0.600295
1978-10-02,18.046877272727272,20.075945454545455,2.0265500000000003,0.9972954545454547,1.3399318181818183
1978-11-01,32.03666666666667,6.512323809523809,4.748428571428572,3.2942952380952386,2.3442666666666665
1978-12-01,15.936620000000001,2.03692,2.952295,2.3602200000000004,0.659175
1979-01-02,8.628186363636363,1.4834954545454546,1.0054772727272727,0.9757500000000001,0.5273318181818182
1979-02-01,6.9992947368421055,1.2879789473684211,0.6342736842105263,0.3614105263157894,0.28321052631578947
1979-03-01,5.594581818181818,1.5077272727272728,1.0678363636363635,0.4170363636363636,0.42312727272727274
1979-04-02,5.719695000000001,0.71482,0.49458,0.527095,0.36378
1979-05-01,8.882127272727272,2.138709090909091,0.4254590909090909,0.4263272727272727,0.5360363636363636
1979-06-01,4.3681238095238095,0.7387809523809524,1.1322952380952382,0.9510285714285714,1.3312285714285714
1979-07-02,6.721780952380953,1.480295238095238,0.9133142857142857,1.183457142857143,0.8479142857142857
1979-08-01,3.1745217391304346,1.0769826086956522,0.9942434782608697,0.8903913043478261,0.9236608695652175
1979-09-04,11.113378947368421,2.884715789473684,0.7822105263157895,1.4950631578947369,1.0666947368421051
1979-10-01,28.55564347826087,13.850260869565219,1.149182608695652,1.5127913043478263,0.9711217391304348
1979-11-01,13.210323809523809,2.292266666666667,1.0303238095238094,0.7424952380952381,0.8689238095238095
1979-12-03,4.1572949999999995,1.08382,1.1321,0.7719199999999999,0.785975
1980-01-02,16.49970909090909,3.5524,2.836531818181818,3.2774363636363635,2.5941454545454548
1980-02-01,15.315375,3.960295,1.2584950000000001,1.6207749999999999,1.57982
1980-03-03,45.754780952380955,40.34126666666667,3.714857142857143,6.414580952380954,2.783095238095238
1980-04-01,25.94238095238095,4.92332380952381,2.6729238095238097,1.9035809523809526,2.4043238095238095
1980-05-01,11.561923809523808,3.2874000000000003,1.1278285714285714,1.6950666666666667,0.8049809523809524
1980-06-02,10.87812380952381,2.9231238095238097,0.8903238095238096,1.6121809523809525,0.844495238095238
1980-07-01,9.631731818181818,2.2299863636363635,2.2862772727272724,1.5225863636363637,1.2681272727272728
1980-08-01,16.068057142857143,1.6181238095238095,4.083380952380953,1.3743142857142858,1.5699809523809523
1980-09-02,25.79325714285714,4.198914285714286,6.452980952380953,1.5483809523809524,2.8251238095238094
1980-10-01,20.372182608695653,3.5274434782608695,6.853382608695652,3.5455652173913044,3.6029478260869565
1980-11-03,17.05931111111111,3.3855999999999997,4.822044444444444,2.2010444444444444,2.1906
1980-12-01,27.650986363636363,7.652550000000001,8.842727272727272,2.7917818181818177,1.9819318181818182
1981-01-02,15.9018,4.080028571428572,6.059428571428571,1.7290666666666668,2.5706
1981-02-02,15.461863157894737,3.1931157894736844,6.282873684210527,1.0295789473684211,2.602115789473684
1981-03-02,14.824077272727273,4.911077272727273,4.567545454545455,2.976459090909091,1.870309090909091
1981-04-01,7.9085238095238095,1.5581142857142858,2.1767809523809523,0.6751142857142858,0.8371809523809524
1981-05-01,7.906975000000001,2.97668,2.045855,1.68172,1.093655
1981-06-01,9.419581818181818,2.559509090909091,4.133381818181818,1.406709090909091,1.6732
1981-07-01,9.888459090909091,1.8446954545454546,2.6694,1.0601272727272728,1.124981818181818
1981-08-03,15.682657142857144,3.2249238095238093,5.906380952380952,1.224057142857143,3.2285809523809523
1981-09-01,27.030895238095237,10.211980952380953,14.12812380952381,1.7055809523809524,5.407380952380953
1981-10-01,17.469095454545453,3.5340772727272727,6.022981818181818,0.8815272727272728,2.960581818181818
1981-11-02,11.473975,3.4157800000000003,8.070295000000002,1.882575,3.35718
1981-12-01,6.7863500000000005,1.5430772727272728,2.2051863636363636,0.5452590909090909,0.7320954545454544
1982-01-04,22.3474,3.6602550000000003,12.08782,1.67702,4.5355
1982-02-01,12.931052631578948,4.302094736842105,7.1076421052631575,0.9846526315789473,2.2463157894736843
1982-03-01,14.660965217391304,4.117660869565217,20.74257391304348,2.7579652173913045,5.613095652173913
1982-04-01,8.912895238095238,2.246380952380952,4.888714285714286,1.4208571428571428,2.72032380952381
1982-05-03,7.17162,1.8910550000000002,1.260095,0.6246550000000001,1.396255
1982-06-01,12.435495454545455,2.781727272727273,5.528781818181818,1.2546363636363635,2.8131500000000003
1982-07-01,7.3399809523809525,2.6926285714285716,2.017895238095238,2.2062952380952376,1.3103809523809522
1982-08-02,45.76438181818182,18.673036363636363,7.826945454545454,1.947131818181818,3.754877272727273
1982-09-01,16.572714285714287,5.265723809523809,2.846495238095238,0.6096,1.5884952380952382
1982-10-01,44.593780952380946,14.470066666666666,3.9512285714285715,1.972095238095238,1.764714285714286
1982-11-01,43.51466666666666,10.687495238095238,5.006666666666668,1.3228952380952381,1.8703238095238095
1982-12-01,19.24185909090909,7.115109090909091,6.893531818181819,2.7108590909090915,2.1177318181818183
1983-01-03,27.75722857142857,5.435257142857143,3.7297809523809526,1.176657142857143,1.7733999999999999
1983-02-01,13.530515789473684,3.858178947368421,3.8198105263157895,1.210642105263158,1.5530526315789475
1983-03-01,10.783365217391305,4.952782608695652,1.8408434782608696,1.8579739130434783,1.7165478260869564
1983-04-04,8.906655,2.5754200000000003,1.2982950000000002,0.767455,0.7923749999999999
1983-05-02,10.370523809523808,2.6422285714285714,0.8379809523809524,1.0242952380952381,0.5600952380952381
1983-06-01,12.17605909090909,1.9831818181818182,1.9973863636363636,1.5561272727272728,0.7341090909090909
1983-07-01,19.06882,3.4399750000000004,5.587655000000001,0.60888,1.0822950000000002
1983-08-01,11.1314,3.375695652173913,3.924495652173913,0.6043913043478261,0.6604869565217392
1983-09-01,8.281323809523808,2.2921809523809524,2.0111238095238093,0.48449523809523815,0.5976285714285714
1983-10-03,8.833695238095238,3.6322952380952382,4.3938,0.7926952380952381,1.4834666666666667
1983-11-01,6.245095238095238,3.5331238095238096,3.3474952380952385,0.6986666666666667,1.053295238095238
1983-12-01,3.662695238095238,2.292666666666667,1.700495238095238,0.5688666666666666,0.7080571428571429
1984-01-03,7.2385142857142855,2.9738571428571428,2.9205809523809525,1.174057142857143,0.5002285714285715
1984-02-01,17.238495,5.05908,5.401319999999999,0.69238,0.9578
1984-03-01,10.60898181818182,4.378931818181818,2.7000954545454547,0.6090363636363636,0.5257272727272728
1984-04-02,7.685255000000001,4.446655,1.708575,0.498455,0.88552
1984-05-01,7.552131818181818,2.1502363636363637,2.6964590909090913,0.5078772727272728,1.0689318181818181
1984-06-01,11.77362857142857,5.6826952380952385,2.588257142857143,0.47502857142857147,1.061695238095238
1984-07-02,6.631980952380952,3.484,5.541695238095238,0.7284,3.1905238095238095
1984-08-01,22.50344347826087,4.666765217391305,9.864121739130436,2.111773913043478,4.59448695652174
1984-09-04,6.367494736842105,3.7334421052631583,1.6876,0.5034631578947368,0.7793157894736842
1984-10-01,9.463173913043478,4.044730434782609,3.493921739130435,0.4694608695652174,3.158782608695652
1984-11-01,7.715723809523809,2.9741809523809524,1.1490952380952382,0.6570571428571429,0.9294285714285714
1984-12-03,8.528175000000001,3.1261800000000006,3.1836949999999997,0.93018,1.76912
1985-01-02,9.8706,3.7342954545454545,2.720327272727273,0.5323454545454546,1.9834590909090908
1985-02-01,5.854473684210527,2.874242105263158,1.502115789473684,0.7244105263157895,1.3306947368421052
1985-03-01,6.04252380952381,2.5086285714285714,2.6201142857142856,0.8056285714285715,1.0655809523809523
1985-04-01,3.6435238095238094,1.2691142857142856,1.346657142857143,0.3041142857142857,1.2112952380952382
1985-05-01,5.969531818181818,1.3473863636363637,2.0820954545454544,0.6002772727272727,1.8301272727272728
1985-06-03,4.750895000000001,2.25762,2.57978,0.41322000000000003,1.553295
1985-07-01,6.1569863636363635,1.2534363636363637,3.123109090909091,0.37725909090909093,1.9447818181818182
1985-08-01,4.8195500000000004,1.5224363636363636,1.0519500000000002,0.25473181818181817,0.7398363636363636
1985-09-03,6.404094736842106,2.181052631578947,1.3947157894736841,0.24557894736842106,1.1434526315789473
1985-10-01,6.1407304347826095,2.4588608695652177,2.3959217391304346,0.5209217391304348,1.6539217391304348
1985-11-01,5.236095000000001,2.7496199999999997,0.74212,0.403175,0.6708200000000001
1985-12-02,9.162180952380952,2.633857142857143,2.2249809523809523,0.7898952380952381,2.0577809523809525
1986-01-02,14.178109090909093,6.107636363636364,0.9263318181818182,0.8878,1.8357454545454546
1986-02-03,5.5100105263157895,2.207315789473684,1.341263157894737,0.48301052631578945,1.2888421052631578
1986-03-03,7.53318,8.022455,1.088495,0.70462,1.702855
1986-04-01,18.689545454545453,5.173581818181819,2.0055272727272726,1.1573454545454545,1.0677863636363636
1986-05-01,8.864628571428572,3.834457142857143,1.3211238095238096,0.8855142857142857,0.6045238095238096
1986-06-02,10.164380952380952,5.165723809523809,1.0609809523809524,1.1811238095238095,0.7048952380952381
1986-07-01,20.07347727272727,3.535077272727272,7.661677272727273,1.1123454545454545,3.0700772727272727
1986-08-01,7.360457142857143,4.366980952380953,2.261457142857143,1.4929809523809525,2.441895238095238
1986-09-02,31.494666666666664,4.773466666666667,1.9580952380952379,0.6206666666666667,1.6532285714285715
1986-10-01,5.989460869565217,2.2169826086956523,1.2854434782608697,0.9747478260869565,1.7515478260869566
1986-11-03,12.420073684210525,4.764578947368421,1.0891789473684212,0.4852736842105263,0.9330736842105263
1986-12-01,9.117981818181818,3.862109090909091,1.19115,0.4115818181818182,1.008659090909091
1987-01-02,15.438380952380953,4.329780952380952,3.270180952380952,0.41960000000000003,1.9039809523809523
1987-02-02,9.810494736842106,2.877852631578947,2.8738105263157894,0.617042105263158,1.6762
1987-03-02,14.124545454545457,4.618927272727272,1.8855272727272727,0.5555272727272728,1.682531818181818
1987-04-01,31.309228571428573,12.574580952380952,1.4568285714285714,1.0188666666666668,1.1780000000000002
1987-05-01,18.156495,7.94642,2.3209750000000002,0.384175,2.2950999999999997
1987-06-01,6.180131818181819,4.1355272727272725,1.0869090909090908,0.99455,1.022909090909091
1987-07-01,4.948459090909091,1.4242590909090909,1.1300954545454547,0.5337272727272727,1.8941863636363636
1987-08-03,13.108866666666666,4.802895238095239,2.341066666666667,0.8015238095238095,2.4045809523809525
1987-09-01,17.803057142857146,10.687523809523809,2.038095238095238,0.9217238095238096,1.6433809523809524
1987-10-01,523.1550590909092,197.43735,32.373895454545455,8.150127272727271,13.378877272727273
1987-11-02,51.41258,11.67342,4.8888799999999994,1.10208,1.713655
1987-12-01,49.6714,19.882331818181818,6.961309090909092,1.0035863636363636,3.5896590909090906
1988-01-04,66.621855,20.752695,4.442455,1.1957200000000001,1.131855
1988-02-01,12.141855000000001,6.8617,1.90208,0.39062,0.9622550000000001
1988-03-01,12.192765217391303,3.818391304347826,1.8993478260869565,0.5223304347826087,1.4091304347826088
1988-04-04,24.714100000000002,9.083255000000001,0.4842,0.23772000000000001,0.526855
1988-05-02,17.220580952380956,7.003495238095238,1.0397142857142858,0.34591428571428573,0.7656666666666667
1988-06-01,15.016331818181818,7.4324,0.8475863636363637,0.6744590909090908,0.8404772727272728
1988-07-01,11.667695000000002,7.505575,0.6508200000000001,0.22209500000000001,0.26582
1988-08-01,10.106721739130435,2.638391304347826,1.4341826086956522,0.28498260869565223,0.9035478260869565
1988-09-01,7.407695238095238,3.3981238095238098,1.2458571428571428,0.28012380952380955,0.8778666666666667
1988-10-03,10.486428571428572,6.306857142857142,1.4629238095238093,0.9242952380952381,0.5599238095238096
1988-11-01,10.219914285714287,2.8626,1.3161809523809522,0.4263142857142857,0.7833809523809524
1988-12-01,3.650980952380952,3.6431809523809524,0.6987809523809524,0.5511809523809523,0.7564666666666667
1989-01-03,5.31352380952381,2.0774000000000004,0.9770952380952381,0.5619142857142857,0.9060285714285714
1989-02-01,8.175642105263158,2.5582947368421056,0.8200421052631579,0.24371578947368422,0.675042105263158
1989-03-01,9.684727272727272,2.1412590909090907,0.6061818181818183,0.26845909090909087,0.6020363636363636
1989-04-03,5.03018,2.280895,0.268055,0.43870000000000003,0.7251200000000001
1989-05-01,6.716295454545454,3.891309090909091,0.8888363636363636,0.40678636363636367,0.75355
1989-06-01,11.017581818181819,2.4215999999999998,1.3511272727272727,0.3148,0.7213818181818182
1989-07-03,4.588055,2.2870000000000004,0.95382,0.41729499999999997,0.332175
1989-08-01,9.136373913043478,3.709121739130435,0.7382434782608696,0.5814434782608695,0.44994782608695655
1989-09-01,4.0820549999999995,2.3040000000000003,0.7996550000000001,0.64878,0.6534200000000001
1989-10-02,42.297327272727266,18.877327272727275,2.4291318181818182,1.2307272727272727,0.8232954545454546
1989-11-01,6.3020571428571435,1.5639142857142858,1.1127809523809522,0.6929238095238096,0.5673809523809524
1989-12-01,7.5356950000000005,2.111295,0.8978550000000001,0.633375,1.4289749999999999
1990-01-02,20.51290909090909,10.285436363636363,1.9595863636363635,1.0973318181818184,1.2114363636363639
1990-02-01,7.789094736842106,4.660294736842105,1.1671684210526316,0.4934947368421052,0.4561789473684211
1990-03-01,7.461036363636364,2.6526363636363635,2.067727272727273,1.0492772727272728,0.6891318181818181
1990-04-02,7.79332,2.35898,1.382775,0.5854,0.8716950000000001
1990-05-01,7.151495454545453,3.667236363636363,1.6096363636363635,0.8287272727272728,0.6695454545454546
1990-06-01,10.17849523809524,4.272895238095238,1.7604285714285715,0.6622666666666668,0.4850285714285714
1990-07-02,10.440657142857143,3.705895238095238,2.5435809523809527,1.1737238095238094,3.1825809523809525
1990-08-01,54.91026086956522,5.791147826086957,17.01037391304348,7.663591304347826,15.18304347826087
1990-09-04,16.25024210526316,3.9356736842105264,4.251052631578947,2.6657157894736843,3.8350631578947367
1990-10-01,39.07496521739131,10.361686956521739,6.786973913043478,4.386382608695653,7.980060869565218
1990-11-01,18.791066666666666,6.570923809523809,2.014866666666667,1.1841809523809523,2.8052952380952383
1990-12-03,6.6301749999999995,3.097975,0.9487,0.83638,1.93252
1991-01-02,27.25033181818182,7.777877272727273,4.715036363636363,3.2619818181818183,3.4646590909090906
1991-02-01,18.288294736842108,4.8696,3.1439684210526315,1.3536947368421053,2.0631157894736845
1991-03-01,11.68982,4.620855000000001,2.8506950000000004,1.497575,2.7614199999999998
1991-04-01,16.452927272727273,5.861327272727273,2.49795,1.2926772727272726,0.9296954545454544
1991-05-01,12.579931818181818,3.5553454545454546,1.8878,0.8428363636363637,0.7839272727272727
1991-06-03,8.260095,2.934855,0.8915200000000001,0.78812,0.7769199999999999
1991-07-01,7.9298,3.513477272727273,1.134109090909091,0.6225818181818182,1.2295090909090909
1991-08-01,17.745381818181816,2.518331818181818,1.5718363636363637,0.6849272727272727,1.1130363636363638
1991-09-03,4.558775,1.302095,0.7908550000000001,0.45878,0.941175
1991-10-01,9.94068695652174,3.597095652173913,1.529286956521739,0.8968434782608695,0.6901304347826087
1991-11-01,18.084600000000002,3.129095,3.06402,0.9770800000000001,1.597095
1991-12-02,12.941523809523808,6.526723809523809,3.947380952380952,1.1218666666666668,1.432095238095238
1992-01-02,8.547145454545454,4.1041454545454545,9.68365909090909,1.258309090909091,2.2573454545454545
1992-02-03,8.221852631578948,2.786378947368421,5.0350631578947365,1.119263157894737,1.6342736842105263
1992-03-02,4.440659090909091,1.6362954545454544,1.355709090909091,0.6244363636363637,0.6325818181818182
1992-04-01,16.48052380952381,3.1353142857142857,5.949723809523809,0.8597809523809524,1.736457142857143
1992-05-01,5.372255,2.618295,1.276495,0.69798,0.88958
1992-06-01,7.127731818181818,3.6708772727272727,2.1771863636363635,0.8673863636363637,1.0530590909090909
1992-07-01,7.2328,2.1382363636363637,2.926877272727273,1.1222590909090908,0.5371272727272728
1992-08-03,3.3600952380952376,0.8992,0.48866666666666664,0.4372666666666667,0.31138095238095237
1992-09-01,7.724266666666667,1.9937809523809524,2.6852571428571426,0.6580666666666667,1.2561238095238096
1992-10-01,7.897186363636363,3.891095454545454,2.201,0.7259863636363636,1.0329090909090908
1992-11-02,3.586775,1.338495,2.50738,0.6930550000000001,1.3604949999999998
1992-12-01,3.2549818181818186,4.042531818181818,1.2594772727272727,0.9931272727272727,0.5088954545454546
1993-01-04,3.1804200000000002,2.067055,2.6094950000000003,1.23642,1.58532
1993-02-01,13.081094736842104,4.3048947368421056,8.805178947368422,1.1030105263157894,4.163652631578947
1993-03-01,7.416182608695653,4.262,2.8517478260869566,1.3633739130434783,0.9768608695652173
1993-04-01,9.284095238095237,4.123295238095238,5.86792380952381,1.517295238095238,3.1164666666666667
1993-05-03,6.532855,3.0900000000000003,3.5297799999999997,1.279495,2.1861200000000003
1993-06-01,5.347945454545455,2.7247454545454546,1.6512772727272729,2.791077272727273,1.4404954545454545
1993-07-01,4.176695238095238,2.8719809523809525,2.4401238095238096,0.6682666666666667,0.9009238095238096
1993-08-02,1.7122363636363638,0.8903454545454546,1.5413318181818183,0.8343272727272728,1.1815818181818183
1993-09-01,4.784914285714286,2.869895238095238,2.6964571428571427,0.37525714285714284,1.6936952380952381
1993-10-01,2.5097809523809524,2.3074,2.524180952380952,0.7338666666666667,0.8380952380952381
1993-11-01,6.978257142857144,2.783657142857143,2.4783142857142857,1.1994285714285715,2.012180952380952
1993-12-01,2.0457318181818183,3.8292363636363635,0.781309090909091,0.5824954545454546,0.8361272727272727
1994-01-03,2.895914285714286,1.6234,0.7219809523809524,0.6898952380952381,0.8087142857142856
1994-02-01,9.041968421052632,2.232778947368421,0.4748631578947368,0.2817157894736842,0.39126315789473687
1994-03-01,8.410982608695653,3.437695652173913,1.3691478260869565,0.8337739130434783,0.7044608695652174
1994-04-04,14.481494736842107,5.293210526315789,3.1942526315789475,1.009442105263158,2.113242105263158
1994-05-02,7.081028571428572,2.08712380952381,1.3455238095238096,1.030895238095238,1.534095238095238
1994-06-01,7.089727272727273,2.894531818181818,1.6616772727272728,0.6056772727272728,1.2910772727272728
1994-07-01,2.782455,0.60738,0.99938,0.34345500000000007,1.533455
1994-08-01,3.4075826086956527,1.8286869565217392,1.414191304347826,0.5888608695652173,1.0602434782608696
1994-09-01,6.198380952380952,2.0600666666666667,0.8035142857142857,0.43291428571428575,0.5275142857142857
1994-10-03,9.36252380952381,2.073657142857143,1.2852952380952383,0.4965809523809524,1.072657142857143
1994-11-01,6.751228571428572,2.4568666666666665,2.6363238095238097,0.5626666666666666,1.0528285714285714
1994-12-01,6.472180952380953,5.47652380952381,1.7570571428571427,0.5058666666666667,2.1346666666666665
1995-01-03,2.7401238095238094,1.8089809523809526,1.6880285714285717,1.0300666666666667,1.277495238095238
1995-02-01,3.8130421052631576,1.2964736842105262,1.0394736842105263,0.8426631578947369,0.9840947368421054
1995-03-01,3.7797739130434787,1.5564434782608694,1.432991304347826,0.8611913043478261,0.9657478260869565
1995-04-03,1.7226000000000001,1.690063157894737,1.6683789473684212,0.48665263157894734,1.4919999999999998
1995-05-01,7.178181818181818,3.6360590909090904,1.751077272727273,0.9015318181818182,1.2110590909090908
1995-06-01,5.648527272727272,3.234581818181818,2.1765863636363636,0.3784954545454546,2.3729454545454547
1995-07-03,8.04168,2.4264,3.079295,0.6821200000000001,2.7780199999999997
1995-08-01,1.9591652173913043,2.385765217391304,3.3597739130434783,0.9158000000000001,1.996591304347826
1995-09-01,3.2474999999999996,2.9311,2.65758,1.352095,3.002175
1995-10-02,6.2654772727272725,3.7422,4.7888590909090905,1.68195,3.7353454545454547
1995-11-01,4.39172380952381,2.4664571428571427,1.8541809523809523,1.0967142857142858,2.6131809523809526
1995-12-01,8.15112,4.619375000000001,2.158055,2.197455,1.76292
1996-01-02,12.382145454545455,3.9263090909090916,4.473527272727273,0.8393818181818182,4.254895454545455
1996-02-01,9.11672,5.2079,1.816375,0.751095,1.03912
1996-03-01,14.085980952380952,3.903723809523809,3.3173809523809528,1.3174285714285714,1.4643238095238094
1996-04-01,8.4612,2.2932666666666663,1.5542,1.1387142857142858,0.8212952380952382
1996-05-01,9.163186363636365,3.3499318181818185,1.9901818181818183,1.0569318181818181,1.9438772727272726
1996-06-03,4.778375,4.59998,2.7789200000000003,1.0068,0.833095
1996-07-01,26.59212727272727,10.133709090909091,17.97555,2.368659090909091,10.969981818181818
1996-08-01,9.727677272727274,3.1851863636363635,2.4055454545454547,0.5430954545454546,2.783495454545455
1996-09-03,4.679495,1.5239749999999999,1.84768,0.49502000000000007,2.14022
1996-10-01,4.822495652173913,3.1777478260869567,2.3651826086956524,0.5692,2.6770869565217392
1996-11-01,3.733855,2.18692,2.112455,0.6157,1.4421800000000002
1996-12-02,12.162028571428571,10.34252380952381,2.649495238095238,1.2721809523809524,2.484180952380952
1997-01-02,9.568636363636363,4.253109090909091,2.775259090909091,0.9953454545454544,2.195309090909091
1997-02-03,11.78981052631579,4.226610526315789,2.5571684210526313,1.475242105263158,2.9192947368421054
1997-03-03,15.189079999999999,7.62492,4.285255,1.34442,3.460055
1997-04-01,23.19295,10.217695454545455,3.9082772727272728,2.3169863636363637,6.337259090909091
1997-05-01,14.931780952380953,5.814895238095239,6.318980952380953,1.1325809523809522,2.666314285714286
1997-06-02,12.630428571428572,8.998295238095238,2.6082285714285716,1.5098,2.3779142857142856
1997-07-01,12.872109090909088,7.480581818181817,2.5367272727272727,0.9332772727272728,3.0988
1997-08-01,16.51649523809524,6.507457142857143,2.6916952380952384,1.0684666666666667,1.6625809523809525
1997-09-02,15.793857142857144,9.33789523809524,2.755057142857143,1.581257142857143,1.2042952380952383
1997-10-01,77.2445304347826,8.624,13.300460869565219,1.856921739130435,4.212530434782609
1997-11-03,22.492178947368423,2.7945157894736843,4.39601052631579,1.1334,3.2325684210526315
1997-12-01,18.663345454545457,8.195745454545454,5.763586363636364,1.0683318181818182,3.47635
1998-01-02,22.406055,4.589855,3.551775,1.73848,2.96172
1998-02-02,6.289778947368421,4.218715789473684,1.949978947368421,0.6696736842105263,1.5746000000000002
1998-03-02,8.528786363636364,1.8895863636363637,2.5476954545454547,0.8745090909090909,2.3985818181818184
1998-04-01,15.728580952380952,3.409057142857143,3.6706000000000003,1.3925809523809525,2.5518285714285716
1998-05-01,7.7070549999999995,4.422295,3.23222,1.0746550000000001,1.7215200000000002
1998-06-01,17.439186363636363,5.292109090909091,6.250945454545454,1.2584363636363636,4.457509090909091
1998-07-01,19.071727272727273,6.716386363636364,3.1378363636363638,0.99875,4.348931818181819
1998-08-03,79.75598095238095,14.036066666666667,9.13552380952381,3.5009238095238095,10.876780952380953
1998-09-01,86.40706666666667,21.46385714285714,14.716723809523808,2.6442952380952383,9.628580952380952
1998-10-01,56.703945454545455,28.077145454545455,14.399745454545453,6.536859090909092,32.42878181818182
1998-11-02,16.62452,8.164200000000001,3.3190950000000004,2.3170800000000003,5.803019999999999
1998-12-01,26.47673181818182,11.687436363636364,5.432709090909091,2.751931818181818,7.090386363636363
1999-01-04,28.068568421052632,8.13281052631579,4.131578947368421,5.66581052631579,6.1323684210526315
1999-02-01,32.12569473684211,7.213978947368421,8.970852631578948,3.008463157894737,12.946652631578948
1999-03-01,27.657565217391305,7.474443478260869,9.892260869565217,3.938365217391304,5.812130434782609
1999-04-01,25.733123809523807,12.2912,31.279914285714284,14.998657142857144,13.633314285714286
1999-05-03,27.495095,11.67502,6.621575,4.691975,8.219479999999999
1999-06-01,23.32018181818182,6.602236363636364,10.385586363636364,5.061477272727273,9.723277272727271
1999-07-01,15.379828571428572,5.583457142857142,5.598457142857143,3.199066666666667,3.2948285714285714
1999-08-02,26.34805909090909,9.613095454545455,9.189727272727273,2.1518,5.688309090909091
1999-09-01,24.67612380952381,7.5656952380952385,6.402380952380952,2.844,3.0352285714285716
1999-10-01,41.39842857142857,17.164066666666667,7.038495238095238,3.566295238095238,3.959723809523809
1999-11-01,13.351714285714287,7.564580952380952,8.260780952380953,3.0048285714285714,3.0725142857142855
1999-12-01,9.4268,8.708186363636363,5.419945454545454,8.697386363636364,3.248059090909091
2000-01-03,55.139419999999994,25.551095,20.837775,17.79502,11.793254999999998
2000-02-01,27.28292,13.74938,8.030655,10.57972,8.217855
2000-03-01,63.07069565217392,50.6025652173913,19.27728695652174,47.956095652173914,10.373965217391303
2000-04-03,109.6812105263158,61.4892947368421,34.038294736842104,77.79646315789473,22.96137894736842
2000-05-01,66.64943636363635,11.307709090909091,19.278345454545452,22.52318636363636,10.416531818181818
2000-06-01,30.840145454545457,9.532745454545454,17.044036363636362,21.459477272727273,11.444381818181817
2000-07-03,26.97008,6.58948,19.943695,24.04932,19.992855000000002
2000-08-01,8.865695652173914,5.559095652173913,8.054060869565216,7.148530434782609,8.356843478260869
2000-09-01,18.100295,4.467495,18.308654999999998,12.7607,12.130895
2000-10-02,69.57943636363636,6.444436363636363,34.2818,46.55530909090909,37.86205909090909
2000-11-01,41.84149523809524,6.820057142857143,37.86046666666667,39.60642857142857,20.758980952380956
2000-12-01,73.113775,10.0465,40.259095,56.41158,35.3751
2001-01-02,63.16578095238095,6.376399999999999,44.76178095238095,33.26652380952381,56.14729523809524
2001-02-01,22.543094736842107,4.040368421052632,14.610094736842106,7.819210526315789,12.228515789473684
2001-03-01,70.77793181818181,10.199036363636363,30.961495454545453,5.9402954545454545,25.02325909090909
2001-04-02,79.94821999999999,10.867975,34.443895,17.819575,31.678295000000002
2001-05-01,27.916477272727274,5.101531818181818,13.521477272727273,8.022981818181819,10.204131818181818
2001-06-01,16.5408,10.259028571428573,9.353523809523809,7.6867238095238095,5.4817238095238094
2001-07-02,28.014828571428573,13.409114285714287,10.22812380952381,9.51252380952381,9.954466666666667
2001-08-01,18.665921739130436,2.923260869565217,5.216895652173913,6.342443478260869,10.883495652173913
2001-09-04,66.11637333333333,4.378293333333334,3.9834400000000003,6.165173333333334,5.7353733333333325
2001-10-01,35.04368695652174,5.785521739130435,6.941791304347826,14.090165217391304,11.378
2001-11-01,18.54438095238095,5.039028571428571,4.967695238095238,7.373114285714285,6.741066666666667
2001-12-03,18.455695000000002,4.445255,4.65228,9.479255,7.413575
2002-01-02,20.185323809523812,5.858180952380952,3.715723809523809,4.505028571428571,4.617057142857143
2002-02-01,24.710673684210526,4.914642105263158,3.1141684210526313,6.521610526315789,5.5182631578947365
2002-03-01,18.467655,3.90762,1.637455,8.46498,5.22208
2002-04-01,20.90332727272727,3.258509090909091,3.899295454545455,8.10065909090909,4.563386363636364
2002-05-01,37.800945454545456,6.877036363636364,12.349495454545453,8.968077272727275,14.942145454545456
2002-06-03,32.348175000000005,6.711895,15.567695,6.147854999999999,5.9888
2002-07-01,138.85334545454543,24.825895454545453,10.460509090909092,37.22473181818182,3.077277272727273
2002-08-01,87.50583636363636,16.932386363636365,5.873077272727273,12.82965909090909,2.5374954545454544
2002-09-03,63.056855,8.19068,5.226055,9.202455,1.77048
2002-10-01,106.67849565217391,15.394547826086958,5.6322,12.628530434782608,5.637521739130435
2002-11-01,42.052054999999996,4.86218,2.9472,14.441095000000002,2.88852
2002-12-02,23.775523809523808,3.476495238095238,2.2404952380952383,13.492580952380953,2.893380952380952
2003-01-02,46.855266666666665,3.3785238095238097,3.478,9.293895238095239,2.2982285714285715
2003-02-03,23.172642105263158,4.50341052631579,0.9221684210526315,3.6116526315789472,0.7188
2003-03-03,55.392314285714285,9.247095238095238,2.8286000000000002,6.0975238095238105,1.2634666666666667
2003-04-01,25.42592380952381,4.336914285714286,2.3461809523809523,4.2431809523809525,1.1831238095238095
2003-05-01,19.581666666666663,4.533666666666667,4.087828571428571,4.24592380952381,0.7583809523809525
2003-06-02,19.974580952380954,3.663,2.9706952380952383,5.6338952380952385,1.0894666666666668
2003-07-01,19.596695454545454,6.793659090909091,2.9578363636363636,8.171636363636363,4.879931818181818
2003-08-01,9.737066666666667,6.315657142857143,1.4598285714285715,5.051457142857142,2.9458285714285712
2003-09-02,19.243314285714284,6.559295238095237,0.8727238095238095,6.922314285714285,2.8906571428571426
2003-10-01,13.280260869565218,5.6024,0.9593739130434783,5.862330434782609,1.9241652173913044
2003-11-03,10.142263157894737,4.422168421052632,1.4197157894736843,4.805652631578948,2.103115789473684
2003-12-01,8.938786363636364,8.763181818181819,0.6825272727272726,3.262181818181818,1.3283318181818182
2004-01-02,8.76238,6.261620000000001,2.681,7.581600000000001,5.0698550000000004
2004-02-02,6.994473684210527,7.589263157894736,1.5158736842105263,6.0582,3.4604421052631578
2004-03-01,20.879921739130435,5.79224347826087,1.3159913043478262,7.001260869565217,4.342660869565218
2004-04-01,12.901523809523809,4.595457142857143,1.1293238095238094,8.643114285714287,4.042914285714286
2004-05-03,11.476975,3.920775,1.45912,3.931095,1.96312
2004-06-01,8.072295238095238,5.046057142857143,0.8761142857142856,3.913095238095238,2.2204285714285716
2004-07-01,8.685314285714286,6.818695238095238,4.503314285714286,6.489695238095239,1.5615809523809523
2004-08-02,15.839731818181818,4.310745454545454,3.4903318181818186,5.313295454545455,1.593509090909091
2004-09-01,7.226228571428572,4.077895238095238,2.6051238095238096,3.1488666666666667,1.1773142857142858
2004-10-01,12.267199999999999,3.1396952380952383,4.39872380952381,3.5609809523809526,1.1139809523809523
2004-11-01,7.315714285714286,2.4191809523809527,1.4776952380952382,1.9287238095238095,0.6109809523809524
2004-12-01,6.801145454545455,4.117727272727273,2.1268772727272727,1.0990363636363636,0.8556590909090909
2005-01-03,9.05152,5.39308,1.3028000000000002,2.446095,0.59118
2005-02-01,8.6362,2.598463157894737,1.4558736842105264,1.1212526315789475,0.5489684210526317
2005-03-01,7.7175863636363635,4.102931818181818,1.668859090909091,1.3507454545454545,0.7259454545454544
2005-04-01,17.94332380952381,3.667266666666667,1.3719238095238093,1.6799809523809524,0.6127238095238096
2005-05-02,8.449866666666667,2.9941238095238094,1.8051809523809523,1.4934,0.724895238095238
2005-06-01,5.556477272727273,2.598731818181818,1.4325454545454546,1.0024,0.6923454545454546
2005-07-01,6.1669,5.43628,1.3498000000000001,1.3786550000000002,0.45205500000000004
2005-08-01,7.291991304347826,3.822486956521739,0.5787478260869565,1.4294956521739133,0.43338260869565215
2005-09-01,6.685466666666667,2.178095238095238,1.0579238095238095,2.2709238095238096,0.3352952380952381
2005-10-03,19.511495238095236,5.494314285714286,1.1396666666666668,3.1532000000000004,0.6297809523809523
2005-11-01,5.4030000000000005,4.38212380952381,0.7985809523809524,0.6721142857142858,0.5049238095238096
2005-12-01,4.697695238095238,2.617095238095238,0.5904952380952382,1.1075809523809523,0.27158095238095237
2006-01-03,8.90252,3.06028,0.75682,1.2467750000000002,0.7749
2006-02-01,6.7234105263157895,1.5348105263157894,1.0296631578947368,1.1906526315789474,0.675442105263158
2006-03-01,5.733547826086957,4.021973913043478,0.6043478260869566,1.177495652173913,0.5645913043478261
2006-04-03,5.75197894736842,4.807968421052632,0.7369157894736843,1.709863157894737,0.6864947368421053
2006-05-01,14.000981818181819,5.0562000000000005,1.0578954545454546,0.7601818181818183,0.6869454545454545
2006-06-01,24.629327272727274,11.501727272727273,0.8278954545454545,1.4223272727272727,0.507109090909091
2006-07-03,17.608079999999998,7.31542,1.92558,1.1676950000000001,0.8736550000000001
2006-08-01,5.835982608695652,6.199347826086957,1.3345652173913043,1.2755478260869566,1.0888608695652173
2006-09-01,5.74942,4.44222,0.7678550000000001,0.990295,1.4933
2006-10-02,4.946345454545455,5.02415,1.1385818181818181,0.9401090909090908,1.5012954545454547
2006-11-01,6.796657142857143,4.3268571428571425,0.7986285714285715,0.9294285714285714,1.0899809523809525
2006-12-01,3.78268,3.038455,0.90702,0.48957500000000004,0.47797999999999996
2007-01-03,4.87492,3.863975,1.13312,0.9358799999999999,1.869175
2007-02-01,14.326694736842107,1.753442105263158,0.7986526315789474,0.4489684210526315,0.40740000000000004
2007-03-01,16.035145454545454,2.183527272727273,0.6012772727272728,0.7041318181818182,0.6717318181818182
2007-04-02,5.132055000000001,1.93598,0.88302,0.627455,0.54718
2007-05-01,7.010309090909091,4.065581818181818,0.6257272727272728,0.35958181818181817,0.9008363636363637
2007-06-01,13.87809523809524,1.4301809523809523,0.32886666666666664,0.24632380952380953,0.6795142857142857
2007-07-02,22.800914285714285,1.2449238095238095,0.7757809523809523,0.5676952380952381,0.7771809523809524
2007-08-01,48.212382608695656,9.73337391304348,6.594173913043479,2.3209478260869565,3.3561652173913044
2007-09-04,17.659052631578945,2.677378947368421,1.222642105263158,0.5440105263157895,0.3746421052631579
2007-10-01,16.88166086956522,3.793791304347826,1.6884434782608695,2.0136434782608696,1.3805739130434782
2007-11-01,52.083,3.8811238095238094,5.373523809523809,1.571114285714286,2.501457142857143
2007-12-03,23.44582,5.515175,1.1644,1.034855,1.225855
2008-01-02,43.88758095238095,7.63052380952381,10.319923809523809,3.388666666666667,3.6014285714285714
2008-02-01,31.137055,4.397655,1.7239200000000001,3.734295,1.51678
2008-03-03,62.42538,5.621255,3.915575,3.15658,4.745855
2008-04-01,26.3218,5.473186363636364,4.225695454545455,2.155381818181818,1.2737454545454545
2008-05-01,14.91652380952381,2.943866666666667,0.9611238095238096,3.3398571428571424,1.7608285714285714
2008-06-02,28.61692380952381,5.487580952380952,1.8116571428571429,4.31072380952381,1.9841809523809526
2008-07-01,42.62907727272727,11.888677272727273,88.6618,8.727181818181817,2.0404954545454546
2008-08-01,32.214,6.54692380952381,28.486714285714285,3.7574285714285716,4.22592380952381
2008-09-02,216.36369523809523,27.04832380952381,100.59878095238095,21.741428571428568,10.495580952380953
2008-10-01,532.3577304347825,83.03206086956521,79.83014782608696,15.083486956521739,7.827721739130435
2008-11-03,347.1479789473684,28.3658,59.97211578947368,10.818694736842106,8.699494736842105
2008-12-01,202.15587727272725,25.651236363636365,45.44935,6.693927272727273,3.978731818181818
2009-01-02,115.20349499999999,13.160455,53.978695,4.3135,6.624280000000001
2009-02-02,87.38164210526315,8.447673684210526,48.216873684210526,4.164168421052631,2.288494736842105
2009-03-02,199.32170909090908,20.529295454545455,107.03853181818182,10.049945454545455,3.0171454545454544
2009-04-01,74.71360000000001,20.27926666666667,77.39845714285713,3.773,2.432057142857143
2009-05-01,62.828495,14.849655,48.67892,1.4011200000000001,1.6694950000000002
2009-06-01,35.793786363636364,10.56035,5.6801272727272725,2.6083863636363636,1.9013272727272728
2009-07-01,35.18243636363636,7.575731818181818,17.055345454545453,5.006600000000001,2.12635
2009-08-03,22.411523809523807,6.478095238095238,15.472914285714284,4.361780952380952,0.8826952380952382
2009-09-01,18.84912380952381,3.0936285714285714,16.936257142857144,2.6641238095238093,0.8312285714285714
2009-10-01,40.14365909090909,5.77705909090909,20.576095454545456,4.648586363636364,2.058931818181818
2009-11-02,19.40548,10.030695,6.332095000000001,2.132895,0.78372
2009-12-01,9.443731818181817,5.985895454545455,3.0127818181818182,2.392127272727273,1.6135863636363639
2010-01-04,18.811063157894736,2.3255157894736844,8.586642105263158,2.8748105263157893,0.9452421052631579
2010-02-01,22.86921052631579,2.099073684210526,5.753873684210526,1.9014,1.2600631578947366
2010-03-01,5.9367217391304345,4.403973913043478,3.515095652173913,1.210982608695652,0.8985826086956522
2010-04-01,18.21698095238095,6.760380952380952,11.44969523809524,4.169980952380953,1.9259809523809526
2010-05-03,82.20819999999999,12.140320000000001,13.853895,3.401975,1.4972549999999998
2010-06-01,57.94643636363636,11.75605909090909,10.0706,2.6214363636363633,1.2311818181818182
2010-07-01,34.317028571428565,15.647657142857142,4.067857142857143,4.342095238095238,4.020323809523809
2010-08-02,28.10570909090909,9.840731818181819,2.1721863636363636,3.0754954545454547,1.7183454545454544
2010-09-01,21.166695238095237,6.481514285714286,3.699666666666667,1.8527238095238094,1.6287238095238095
2010-10-01,10.870514285714284,4.550828571428571,3.61672380952381,1.351057142857143,1.0593809523809523
2010-11-01,17.87102857142857,4.0774,4.017666666666666,2.1771238095238092,1.5798
2010-12-01,6.319859090909092,2.699581818181818,2.838527272727273,1.204909090909091,1.0581318181818182
2011-01-03,9.638255,8.47888,3.12532,3.2345,0.8873800000000001
2011-02-01,11.835863157894735,4.076378947368421,1.976042105263158,1.8350421052631578,1.1632736842105265
2011-03-01,23.38117391304348,4.4919652173913045,2.0833826086956524,1.8536869565217393,1.339095652173913
2011-04-01,6.658295,2.6198200000000003,1.5188,0.802255,0.933975
2011-05-02,10.654980952380953,7.164828571428572,1.4108666666666667,2.0166,0.6814666666666667
2011-06-01,24.012145454545454,4.870077272727273,3.0672954545454547,1.7764590909090907,1.5329090909090908
2011-07-01,19.88688,2.9695,5.11212,1.956455,2.099055
2011-08-01,207.19088695652172,13.179747826086956,15.996573913043477,16.864573913043476,2.3824608695652176
2011-09-01,70.91965714285715,11.7156,13.794,6.909495238095238,1.4658
2011-10-03,77.32918095238095,28.512714285714285,12.716228571428571,13.597228571428571,1.7605142857142857
2011-11-01,80.87489523809523,9.515600000000001,8.091095238095237,5.367980952380952,1.8153809523809525
2011-12-01,30.59758095238095,6.727057142857143,6.8143142857142855,4.792723809523809,2.3249809523809524
2012-01-03,5.755179999999999,2.55138,3.552495,4.10458,0.57738
2012-02-01,6.81942,6.402175,2.3212800000000002,2.2231199999999998,0.76148
2012-03-01,12.551986363636365,5.480095454545454,2.7364363636363636,2.499477272727273,0.8091318181818182
2012-04-02,18.074855,3.51432,3.894895,2.33338,2.413
2012-05-01,14.19465909090909,3.724459090909091,4.744800000000001,1.747459090909091,1.4369500000000002
2012-06-01,36.048295238095236,2.7625809523809526,2.2743809523809526,2.246657142857143,1.9955809523809525
2012-07-02,16.08929523809524,4.131266666666667,4.422857142857143,1.4924666666666668,2.8420952380952382
2012-08-01,7.723460869565217,6.026895652173914,1.7218608695652173,0.5095913043478261,1.200982608695652
2012-09-04,10.368663157894737,2.2296105263157893,2.4876,0.4703157894736842,0.8924947368421052
2012-10-01,8.966980952380952,2.9515238095238097,3.695380952380953,1.3577238095238096,1.4945809523809523
2012-11-01,19.442657142857144,1.9533238095238097,2.933866666666667,1.1312952380952381,0.9668952380952381
2012-12-03,9.775095,2.471855,2.010495,0.8565750000000001,1.48528
2013-01-02,7.8711809523809535,2.642895238095238,1.5207809523809523,0.8107238095238095,0.7825238095238096
2013-02-01,12.937000000000001,1.0333684210526315,1.850273684210526,1.132642105263158,0.9678105263157896
2013-03-01,4.234255,1.4389800000000001,1.43452,0.7086950000000001,0.434295
2013-04-01,18.56773181818182,5.616495454545455,2.8308772727272724,1.3570363636363636,1.1505863636363636
2013-05-01,10.827981818181819,4.962327272727273,1.9066363636363635,1.4173272727272728,0.8884363636363637
2013-06-03,21.8581,2.2839799999999997,2.406295,1.3356000000000001,0.8170000000000001
2013-07-01,4.228695454545455,1.9802363636363638,2.976131818181818,1.918236363636364,0.6871863636363637
2013-08-01,10.736927272727272,4.8493818181818185,1.40715,1.4849454545454543,0.35512727272727274
2013-09-03,5.334080000000001,1.504255,2.273855,1.23438,0.6616
2013-10-01,14.803582608695653,2.353582608695652,1.6864956521739132,2.0561652173913045,1.232686956521739
2013-11-01,7.125095,4.2818950000000005,1.66608,1.3892550000000001,0.725775
2013-12-02,6.871914285714285,4.90992380952381,1.1325238095238097,0.8420666666666667,0.9341238095238095
2014-01-02,14.081780952380951,2.2420000000000004,2.387495238095238,2.2855142857142856,1.3943809523809525
2014-02-03,12.770252631578948,4.255852631578947,2.443094736842105,1.0932105263157894,0.7691684210526316
2014-03-03,9.869380952380952,5.887457142857143,3.654628571428572,2.5986285714285713,1.1507809523809525
2014-04-01,16.84822857142857,4.699295238095238,4.806628571428572,4.4047809523809525,1.9400285714285714
2014-05-01,6.620580952380952,9.239428571428572,2.97012380952381,2.250980952380952,0.9101809523809524
2014-06-02,2.9913238095238097,4.291066666666667,1.3244,0.7899238095238096,0.2571809523809524
2014-07-01,10.28425909090909,4.395059090909091,3.903277272727273,2.5711863636363637,1.1229318181818182
2014-08-01,4.653695238095238,3.1271238095238094,1.4280952380952383,0.8183809523809524,0.7128571428571429
2014-09-02,7.6051809523809535,3.948095238095238,2.0414285714285714,1.0673238095238096,1.5699142857142856
2014-10-01,30.280773913043475,13.609930434782608,4.053182608695653,2.245686956521739,1.105791304347826
2014-11-03,1.4064105263157893,5.75481052631579,3.1358,1.2198526315789475,1.118578947368421
2014-12-01,20.76518636363636,7.727295454545455,3.040859090909091,2.5183454545454547,1.556659090909091
2015-01-02,22.6198,5.822819999999999,3.4443799999999998,1.8464800000000001,1.629495
2015-02-02,6.443463157894738,1.4098105263157894,3.941642105263158,1.1732947368421054,1.0773157894736842
2015-03-02,15.617327272727273,3.904586363636364,4.966295454545455,1.1617318181818181,1.0769318181818182
2015-04-01,6.1924,3.8221142857142856,4.224028571428572,2.3875238095238096,1.3272285714285714
2015-05-01,7.946054999999999,2.0624,1.17112,0.50318,0.67988
2015-06-01,10.748477272727273,2.2956363636363637,1.8237090909090907,0.9807318181818182,0.921
2015-07-01,11.708477272727272,3.568931818181818,2.9168363636363637,1.944931818181818,1.8569454545454547
2015-08-03,53.77131428571429,9.006514285714285,9.172066666666666,1.7924666666666667,3.125657142857143
2015-09-01,39.38669523809524,5.0545238095238085,13.51412380952381,2.2596571428571433,4.189780952380953
2015-10-01,15.119677272727271,8.475095454545455,11.092695454545455,3.59335,3.462131818181818
2015-11-02,11.04798,4.33842,2.737655,1.7460799999999999,1.087975
2015-12-01,27.567386363636363,4.495659090909091,5.092436363636364,1.929909090909091,2.009186363636364
2016-01-04,43.54577894736842,7.829199999999999,9.939094736842105,2.2326947368421055,4.500652631578948
2016-02-01,28.102055,3.71612,10.746895,5.8448,5.5004550000000005
2016-03-01,12.27345909090909,12.896095454545454,5.78715,3.029895454545455,1.941786363636364
2016-04-01,9.009714285714285,3.6009238095238096,8.090095238095238,1.5395142857142858,3.2982666666666667
2016-05-02,10.619980952380953,3.6884571428571427,6.175580952380952,3.4072952380952386,1.1619809523809523
2016-06-01,31.913945454545456,4.452909090909091,4.658709090909091,3.1904000000000003,1.639459090909091
2016-07-01,4.8637,4.537895,5.103680000000001,1.9734800000000001,2.4897199999999997
2016-08-01,3.339391304347826,3.0699913043478264,3.8771304347826083,2.5027304347826087,1.9358869565217391
2016-09-01,17.37052380952381,2.5514952380952383,4.7796666666666665,3.0968,3.9975809523809525
2016-10-03,3.9880285714285715,2.861895238095238,2.947095238095238,2.4511238095238097,1.6990952380952382
2016-11-01,9.863780952380953,15.000714285714285,11.067495238095239,6.535380952380952,5.914228571428572
2016-12-01,5.603466666666667,6.778857142857143,5.825266666666666,1.497495238095238,0.8105809523809524
2017-01-03,4.196255,7.797975,5.234495,1.7700549999999997,1.2631000000000001
2017-02-01,2.199663157894737,4.960515789473684,2.879178947368421,1.707863157894737,0.9515789473684211
2017-03-01,6.971060869565217,5.7511913043478256,5.53604347826087,2.502921739130435,2.090773913043478
2017-04-03,4.681515789473685,6.402778947368421,3.1875684210526316,0.8669999999999999,2.058894736842105
2017-05-01,5.820095454545455,2.3535863636363636,2.9701863636363637,2.163459090909091,3.1736590909090907
2017-06-01,5.412327272727272,4.838695454545455,16.06933181818182,1.8341272727272726,4.5559818181818175
2017-07-03,2.57968,2.775295,5.0439,0.8947750000000001,2.4552
2017-08-01,8.171800000000001,3.8290434782608695,3.1489304347826086,1.6551652173913043,1.0261739130434782
2017-09-01,2.745295,2.2627799999999993,3.7958950000000002,1.446655,1.5440550000000002
2017-10-02,2.415836363636364,2.819786363636364,2.6202363636363635,1.0727090909090908,2.084659090909091
2017-11-01,3.5769809523809526,5.546495238095238,5.530780952380953,3.3771809523809524,1.9445238095238093
2017-12-01,2.7530550000000003,3.9071800000000003,3.8784950000000005,2.473055,1.659455
2018-01-02,6.4270000000000005,5.226514285714286,1.6922666666666666,2.1522952380952383,1.0851809523809524
2018-02-01,51.15905263157895,3.7337684210526314,2.165442105263158,1.8264526315789473,1.1428526315789473
2018-03-01,32.24971428571428,5.112580952380952,2.5245809523809526,3.8227238095238096,2.636695238095238
2018-04-02,23.845257142857143,2.1055809523809526,5.671295238095238,4.260380952380952,1.1891238095238097
2018-05-01,8.316895454545454,5.570749999999999,3.808309090909091,3.237909090909091,2.3731454545454547
2018-06-01,6.873895238095238,4.038266666666667,4.10932380952381,3.562857142857143,2.5502666666666665
2018-07-02,6.174780952380952,7.698999999999999,11.507295238095239,1.1389809523809524,3.0975809523809525
2018-08-01,4.691730434782609,3.2403478260869565,2.203973913043478,1.901086956521739,1.6450869565217392
2018-09-04,2.588073684210526,1.529378947368421,5.309852631578948,1.4298947368421053,2.1678105263157894
2018-10-01,46.27294782608696,11.282191304347826,19.11388695652174,3.3097739130434785,8.145521739130436
2018-11-01,30.829780952380954,7.471523809523809,14.966295238095238,4.363266666666666,6.732695238095238
2018-12-03,65.87465263157895,5.9670736842105265,11.090473684210526,2.452,4.285452631578948
2019-01-02,28.651657142857143,2.957695238095238,9.988114285714287,1.4855238095238095,3.453866666666667
2019-02-01,5.1026105263157895,1.8256000000000001,4.38761052631579,3.2100736842105264,1.1987684210526317
2019-03-01,12.906114285714287,5.1993238095238095,5.211495238095238,2.038980952380953,1.022895238095238
2019-04-01,3.6391238095238094,4.574580952380953,5.327695238095238,3.5462952380952384,1.4520571428571427
2019-05-01,19.011059090909093,4.497781818181818,4.054636363636363,1.194059090909091,1.605931818181818
2019-06-03,9.794655,8.270375,9.371694999999999,2.046295,3.861295
2019-07-01,6.234277272727273,6.783345454545454,6.9705318181818186,2.8402000000000003,1.3607090909090909
2019-08-01,45.53643636363636,4.0323090909090915,6.724436363636364,1.9465818181818182,0.9109454545454545
2019-09-03,7.310919999999999,11.249855,13.457494999999998,2.3202000000000003,1.445855
2019-10-01,15.70284347826087,4.797060869565217,5.85644347826087,1.5247304347826087,1.5825304347826086
2019-11-01,2.89438,3.60928,6.416494999999999,1.9472800000000001,0.51438
2019-12-02,4.671180952380952,2.020714285714286,4.127295238095238,1.263095238095238,1.0519809523809522
2020-01-02,11.21132380952381,3.3167238095238094,2.2936952380952382,1.4180952380952379,0.836095238095238
2020-02-03,43.49981052631579,3.920852631578947,9.114968421052632,3.0734631578947367,1.980642105263158
2020-03-02,717.5315454545455,77.4068,82.55329545454545,9.127636363636364,9.093381818181818
2020-04-01,137.6148,44.49151428571429,85.06302857142857,11.37372380952381,4.023780952380952
2020-05-01,42.871655,28.80818,112.498455,8.764294999999999,3.5036
2020-06-01,73.0578,16.717059090909093,76.93278636363635,8.239381818181817,2.71835
2020-07-01,16.824636363636362,23.617345454545454,62.8596,7.2606590909090905,6.836509090909091
2020-08-03,5.134428571428572,15.84952380952381,39.227866666666664,6.0571809523809526,5.067666666666667
2020-09-01,51.23162857142857,14.294723809523811,31.350828571428572,6.856466666666667,3.648057142857143
2020-10-01,36.27492727272727,8.671236363636362,25.40665909090909,3.869309090909091,3.3259090909090907
